<?xml version="1.0" encoding="UTF-8" standalone="yes" ?>
<appProperties xmlns="http://schemas.mathworks.com/matlab/app/2012/appProperties" signature="43CFA389CB2D3ED7852800E9C3966D6BB38C028A">

  <entryPoint>Ca_App_V2</entryPoint>

  <name>Ca_App_171008</name>

  <version>2.0</version>

  <createdByMATLABRelease>(R2017a)</createdByMATLABRelease>

  <GUID>78aab30a-3c31-4d96-b7ed-0d4800a129f4</GUID>

  <supportedPlatforms/>

  <requiredProducts/>

  <numFiles>36</numFiles>

  <created>2017-10-08T04:25:38Z</created>

  <appEntries>
    <appFile>/BinSettings.m</appFile>
    <appFile>/Ca_App_V2.fig</appFile>
    <appFile>/kalman_v1.m</appFile>
    <appFile>/store_data.m</appFile>
    <appFile>/img_subset.m</appFile>
    <appFile>/averagefilter.m</appFile>
    <appFile>/poi_library/dom4j-1.6.1.jar</appFile>
    <appFile>/sel_auto_all.m</appFile>
    <appFile>/poi_library/LICENSE</appFile>
    <appFile>/poi_library/poi-3.8-20120326.jar</appFile>
    <appFile>/bin_and_clean.m</appFile>
    <appFile>/save_data.m</appFile>
    <appFile>/get_images.m</appFile>
    <appFile>/sel_manual.m</appFile>
    <appFile>/favicon.ico</appFile>
    <appFile>/hand-ol-16.png</appFile>
    <appFile>/roiIcon.png</appFile>
    <appFile>/k_eval.m</appFile>
    <appFile>/target-icon-56065.png</appFile>
    <appFile>/sel_auto.m</appFile>
    <appFile>/poi_library/xmlbeans-2.3.0.jar</appFile>
    <appFile>/poi_library/poi-ooxml-schemas-3.8-20120326.jar</appFile>
    <appFile>/b_down.jpg</appFile>
    <appFile>/BinSettings.fig</appFile>
    <appFile>/bin_sequence.m</appFile>
    <appFile>/int_tl.m</appFile>
    <appFile>/cell_text.m</appFile>
    <appFile>/b_up.jpg</appFile>
    <appFile>/poi_library/stax-api-1.0.1.jar</appFile>
    <appFile>/xlwrite.m</appFile>
    <appFile>/help.png</appFile>
    <appFile>/poi_library/poi-ooxml-3.8-20120326.jar</appFile>
    <appFile>/Action Undo.png</appFile>
    <appFile>/star_icon3.png</appFile>
    <appFile>/Ca_App_V2.m</appFile>
    <appFile>/logo_new.jpg</appFile>
  </appEntries>

</appProperties>
