<?xml version="1.0" encoding="UTF-8" standalone="yes" ?><fileEntries xmlns="http://schemas.mathworks.com/package/2013/filesystemManifest" createdByEncoding="windows-1252" createdByPlatform="win64" version="2.0"><fileEntry content="/fsroot/Action%20Undo.png" date="2016-04-23T16:35:54Z" name="/Action Undo.png" permissions="0666" type="File"/><fileEntry content="/fsroot/BinSettings.fig" date="2017-05-26T08:59:52Z" name="/BinSettings.fig" permissions="0666" type="File"/><fileEntry content="/fsroot/BinSettings.m" date="2017-10-08T04:25:38Z" name="/BinSettings.m" permissions="0666" type="File"/><fileEntry content="/fsroot/Ca_App_V2.fig" date="2017-10-08T01:29:06Z" name="/Ca_App_V2.fig" permissions="0666" type="File"/><fileEntry content="/fsroot/Ca_App_V2.m" date="2017-10-08T04:25:38Z" name="/Ca_App_V2.m" permissions="0666" type="File"/><fileEntry content="/fsroot/averagefilter.m" date="2017-10-08T04:25:38Z" name="/averagefilter.m" permissions="0666" type="File"/><fileEntry content="/fsroot/b_down.jpg" date="2017-05-26T08:42:37Z" name="/b_down.jpg" permissions="0666" type="File"/><fileEntry content="/fsroot/b_up.jpg" date="2017-05-26T08:43:02Z" name="/b_up.jpg" permissions="0666" type="File"/><fileEntry content="/fsroot/bin_and_clean.m" date="2017-10-08T04:25:38Z" name="/bin_and_clean.m" permissions="0666" type="File"/><fileEntry content="/fsroot/bin_sequence.m" date="2017-10-08T04:25:38Z" name="/bin_sequence.m" permissions="0666" type="File"/><fileEntry content="/fsroot/cell_text.m" date="2017-10-08T04:25:38Z" name="/cell_text.m" permissions="0666" type="File"/><fileEntry content="/fsroot/favicon.ico" date="2017-05-23T03:51:17Z" name="/favicon.ico" permissions="0666" type="File"/><fileEntry content="/fsroot/get_images.m" date="2017-10-08T04:25:38Z" name="/get_images.m" permissions="0666" type="File"/><fileEntry content="/fsroot/hand-ol-16.png" date="2017-05-23T04:16:30Z" name="/hand-ol-16.png" permissions="0666" type="File"/><fileEntry content="/fsroot/help.png" date="2017-05-23T05:07:29Z" name="/help.png" permissions="0666" type="File"/><fileEntry content="/fsroot/img_subset.m" date="2017-10-08T04:25:38Z" name="/img_subset.m" permissions="0666" type="File"/><fileEntry content="/fsroot/int_tl.m" date="2017-10-08T04:25:38Z" name="/int_tl.m" permissions="0666" type="File"/><fileEntry content="/fsroot/k_eval.m" date="2017-10-08T04:25:38Z" name="/k_eval.m" permissions="0666" type="File"/><fileEntry content="/fsroot/kalman_v1.m" date="2017-10-08T04:25:38Z" name="/kalman_v1.m" permissions="0666" type="File"/><fileEntry content="/fsroot/logo_new.jpg" date="2016-08-28T22:47:10Z" name="/logo_new.jpg" permissions="0666" type="File"/><fileEntry content="/fsroot/poi_library/LICENSE" date="2013-02-27T21:51:06Z" name="/poi_library/LICENSE" permissions="0666" type="File"/><fileEntry content="/fsroot/poi_library/dom4j-1.6.1.jar" date="2013-02-27T21:51:06Z" name="/poi_library/dom4j-1.6.1.jar" permissions="0666" type="File"/><fileEntry content="/fsroot/poi_library/poi-3.8-20120326.jar" date="2013-02-27T21:51:06Z" name="/poi_library/poi-3.8-20120326.jar" permissions="0666" type="File"/><fileEntry content="/fsroot/poi_library/poi-ooxml-3.8-20120326.jar" date="2013-02-27T21:51:16Z" name="/poi_library/poi-ooxml-3.8-20120326.jar" permissions="0666" type="File"/><fileEntry content="/fsroot/poi_library/poi-ooxml-schemas-3.8-20120326.jar" date="2013-02-27T21:51:20Z" name="/poi_library/poi-ooxml-schemas-3.8-20120326.jar" permissions="0666" type="File"/><fileEntry content="/fsroot/poi_library/stax-api-1.0.1.jar" date="2013-02-27T21:51:38Z" name="/poi_library/stax-api-1.0.1.jar" permissions="0666" type="File"/><fileEntry content="/fsroot/poi_library/xmlbeans-2.3.0.jar" date="2013-02-27T21:51:38Z" name="/poi_library/xmlbeans-2.3.0.jar" permissions="0666" type="File"/><fileEntry content="/fsroot/roiIcon.png" date="2016-04-23T16:48:52Z" name="/roiIcon.png" permissions="0666" type="File"/><fileEntry content="/fsroot/save_data.m" date="2017-10-08T04:25:39Z" name="/save_data.m" permissions="0666" type="File"/><fileEntry content="/fsroot/sel_auto.m" date="2017-10-08T04:25:39Z" name="/sel_auto.m" permissions="0666" type="File"/><fileEntry content="/fsroot/sel_auto_all.m" date="2017-10-08T04:25:39Z" name="/sel_auto_all.m" permissions="0666" type="File"/><fileEntry content="/fsroot/sel_manual.m" date="2017-10-08T04:25:39Z" name="/sel_manual.m" permissions="0666" type="File"/><fileEntry content="/fsroot/star_icon3.png" date="2017-05-23T04:21:30Z" name="/star_icon3.png" permissions="0666" type="File"/><fileEntry content="/fsroot/store_data.m" date="2017-10-08T04:25:39Z" name="/store_data.m" permissions="0666" type="File"/><fileEntry content="/fsroot/target-icon-56065.png" date="2017-05-23T03:51:00Z" name="/target-icon-56065.png" permissions="0666" type="File"/><fileEntry content="/fsroot/xlwrite.m" date="2017-10-08T04:25:39Z" name="/xlwrite.m" permissions="0666" type="File"/></fileEntries>